,Pin,Address,City,Township,Property Classification,Square Footage (Land),Neighborhood,Taxcode,Next Scheduled Reassessment,Description,Residence Type,Use,Exterior Construction,Full Baths,Half Baths,Basement1,Attic,Central Air,Number of Fireplaces,Garage,Age,Building Square Footage,Assessment Phase,Homeowner_2021,Senior_2021,Senior Freeze_2021,Homeowner_2020,Senior_2020,Senior Freeze_2020,Homeowner_2019,Senior_2019,Senior Freeze_2019,Homeowner_2018,Senior_2018,Senior Freeze_2018,Apartments,Risk,Property Value,Bill Returned,Prior Possibly Unpaid,Tax Due
2,20-09-308-019-0000,5253 S HALSTED ST,CHICAGO,Lake,212,3125,92,72102,2024,"Two to six apartments, up to 62 years",Two Story,Multi Family,Masonry,4,1,Partial and Unfinished,Full and Unfinished,No,0,None,122,2812,Assessor Valuation,No,No,No,No,No,No,No,No,No,No,No,No,4,moderate,138660,Yes,Yes,3202.13
3,20-09-317-006-0000,5311 S EMERALD AVE,CHICAGO,Lake,211,3150,92,72102,2024,"Two to six apartments, over 62 years",One Story,Multi Family,Frame,2,0,Full and Apartment,Full and Living Area,No,0,2 car detached,135,1386,Assessor Valuation,No,No,No,No,No,No,No,No,No,No,No,No,2,moderate,118890,Yes,Yes,2745.67
4,20-16-101-026-0000,5623 S EMERALD AVE,CHICAGO,Lake,202,3125,92,72001,2024,"One story residence, any age, up to 999 square feet",One Story,Single Family,Frame,1,0,None,None,No,0,1 car detached,120,693,Assessor Valuation,No,No,No,No,No,No,No,No,No,No,No,No,0,moderate,68480,No,Yes,1528.75
5,20-16-102-033-0000,5611 S UNION AVE,CHICAGO,Lake,241,3125,92,72001,2024,Vacant land under common ownership with adjacent residence,Vacant,Vacant,None,0,0,None,None,No,0,None,0,0,Assessor Valuation,No,No,No,No,No,No,No,No,No,No,No,No,0,moderate,20310,No,Yes,408.03
6,20-16-113-011-0000,5723 S EMERALD AVE,CHICAGO,Lake,211,3025,92,72001,2024,"Two to six apartments, over 62 years",Two Story,Multi Family,Frame,1,0,None,None,No,0,None,120,1280,Assessor Valuation,Yes,No,No,Yes,No,No,Yes,No,No,Yes,No,No,0,moderate,77620,Yes,Yes,1103.57
7,20-16-114-009-0000,5721 S UNION AVE,CHICAGO,Lake,203,3125,92,72001,2024,"One story residence, any age, 1,000 to 1,800 square feet",One Story,Single Family,Frame,1,0,Full and Unfinished,Full and Unfinished,No,0,None,127,1035,Assessor Valuation,Yes,No,No,Yes,No,No,Yes,No,No,Yes,No,No,0,moderate,76130,Yes,Yes,1010.49
8,20-16-114-038-0000,5734 S LOWE AVE,CHICAGO,Lake,234,3125,92,72001,2024,"Split level residence with a lower level below grade, all ages, all sizes",Multi-Level,Single Family,Frame/Masonry,1,1,Partial and Rec Room,None,No,0,None,46,950,Assessor Valuation,No,No,No,No,No,No,No,No,No,No,No,No,0,moderate,92290,No,Yes,2060.39
9,20-16-122-011-0000,5833 S UNION AVE,CHICAGO,Lake,202,3500,92,72001,2024,"One story residence, any age, up to 999 square feet",One Story,Single Family,Frame,1,0,None,Full and Living Area,No,0,1 car detached,138,774,Assessor Valuation,No,No,No,No,No,No,No,No,No,No,No,No,0,moderate,66660,No,Yes,1488.17
10,20-16-122-015-0000,5845 S UNION AVE,CHICAGO,Lake,211,3250,92,72001,2024,"Two to six apartments, over 62 years",Two Story,Multi Family,Frame,2,0,Full and Unfinished,None,No,1,2 car detached,130,1680,Assessor Valuation,No,No,No,No,No,No,No,No,No,No,No,No,2,moderate,90350,No,Yes,2086.5
11,20-16-309-008-0000,641 W 60TH ST,CHICAGO,Lake,211,4399,130,72082,2024,"Two to six apartments, over 62 years",Two Story,Multi Family,Frame,2,0,Full and Unfinished,None,No,1,1 car detached,130,1830,Assessor Valuation,No,No,No,No,No,No,No,No,No,No,No,No,2,moderate,54950,No,No,1254.67
12,20-16-313-039-1011,501 W 60TH PL P-2,CHICAGO,Lake,299,7871,92,72082,2024,Residential condominium,Condo,Condo,Other,0,0,None,None,No,0,None,112,0,Assessor Valuation,No,No,No,No,No,No,No,No,No,No,No,No,0,moderate,5680,No,Yes,127.81
13,20-16-313-039-1015,503 W 60TH PL P-6,CHICAGO,Lake,299,7871,92,72082,2024,Residential condominium,Condo,Condo,Other,0,0,None,None,No,0,None,112,0,Assessor Valuation,No,No,No,No,No,No,No,No,No,No,No,No,0,moderate,5680,Yes,Yes,127.81
14,20-16-317-008-0000,433 W 61ST ST,CHICAGO,Lake,241,4114,92,72082,2024,Vacant land under common ownership with adjacent residence,Condo,Condo,Other,0,0,None,None,No,0,None,0,0,Assessor Valuation,No,No,No,No,No,No,No,No,No,No,No,No,0,moderate,26740,No,Yes,537.21
15,20-15-118-022-1041,5747 S CALUMET AVE P1,CHICAGO,Hyde Park,299,45108,10,70102,2024,Residential condominium,Condo,Condo,Other,0,0,None,None,No,0,None,19,0,Assessor Valuation,No,No,No,No,No,No,No,No,No,No,No,No,0,moderate,4310,Yes,Yes,108.31
16,20-15-118-022-1045,5747 S CALUMET AVE P5,CHICAGO,Hyde Park,299,45108,10,70102,2024,Residential condominium,Condo,Condo,Other,0,0,None,None,No,0,None,19,0,Assessor Valuation,No,No,No,No,No,No,No,No,No,No,No,No,0,moderate,4310,No,Yes,108.31
17,20-15-118-022-1055,5747 S CALUMET AVE P15,CHICAGO,Hyde Park,299,45108,10,70102,2024,Residential condominium,Condo,Condo,Other,0,0,None,None,No,0,None,19,0,Assessor Valuation,No,No,No,No,No,No,No,No,No,No,No,No,0,moderate,4310,No,Yes,108.31
18,20-15-118-022-1076,5747 S CALUMET AVE P36,CHICAGO,Hyde Park,299,45108,10,70102,2024,Residential condominium,Condo,Condo,Other,0,0,None,None,No,0,None,19,0,Assessor Valuation,No,No,No,No,No,No,No,No,No,No,No,No,0,moderate,4310,No,Yes,108.31
19,20-15-118-027-1011,5739 S CALUMET AVE P5,CHICAGO,Hyde Park,299,8323,10,70102,2024,Residential condominium,Condo,Condo,Other,0,0,None,None,No,0,None,117,0,Assessor Valuation,No,No,No,No,No,No,No,No,No,No,No,No,0,moderate,5310,Yes,Yes,117.75
20,20-15-118-027-1016,5739 S CALUMET AVE P10,CHICAGO,Hyde Park,299,8323,10,70102,2024,Residential condominium,Condo,Condo,Other,0,0,None,None,No,0,None,117,0,Assessor Valuation,No,No,No,No,No,No,No,No,No,No,No,No,0,moderate,5310,Yes,Yes,117.75
21,20-15-118-027-1017,5739 S CALUMET AVE P11,CHICAGO,Hyde Park,299,8323,10,70102,2024,Residential condominium,Condo,Condo,Other,0,0,None,None,No,0,None,117,0,Assessor Valuation,No,No,No,No,No,No,No,No,No,No,No,No,0,moderate,5310,Yes,Yes,117.75
22,20-15-118-027-1019,5739 S CALUMET AVE P13,CHICAGO,Hyde Park,299,8323,10,70102,2024,Residential condominium,Condo,Condo,Other,0,0,None,None,No,0,None,117,0,Assessor Valuation,No,No,No,No,No,No,No,No,No,No,No,No,0,moderate,5310,Yes,Yes,117.75
23,20-15-118-027-1020,5739 S CALUMET AVE P14,CHICAGO,Hyde Park,299,8323,10,70102,2024,Residential condominium,Condo,Condo,Other,0,0,None,None,No,0,None,117,0,Assessor Valuation,No,No,No,No,No,No,No,No,No,No,No,No,0,moderate,5310,Yes,Yes,117.75
24,20-15-118-028-1028,370 E 58TH ST P-3,CHICAGO,Hyde Park,299,17493,10,70102,2024,Residential condominium,Condo,Condo,Other,0,0,None,None,No,0,None,108,0,Assessor Valuation,No,No,No,No,No,No,No,No,No,No,No,No,0,moderate,9560,No,Yes,192.09
25,20-15-122-039-1002,5839 S INDIANA AVE 2,CHICAGO,Hyde Park,299,4075,10,70102,2024,Residential condominium,Condo,Condo,Other,0,0,None,None,No,0,None,11,0,Assessor Valuation,No,No,No,No,No,No,No,No,No,No,No,No,0,moderate,32310,No,Yes,3131.44
26,20-15-122-039-1003,5839 S INDIANA AVE 3,CHICAGO,Hyde Park,299,4075,10,70102,2024,Residential condominium,Condo,Condo,Other,0,0,None,None,No,0,None,11,0,Assessor Valuation,No,No,No,No,No,No,No,No,No,No,No,No,0,moderate,34890,No,Yes,3380.92
27,20-15-122-039-1004,5839 S INDIANA AVE 4,CHICAGO,Hyde Park,299,4075,10,70102,2024,Residential condominium,Condo,Condo,Other,0,0,None,None,No,0,None,11,0,Assessor Valuation,No,No,No,No,No,No,No,No,No,No,No,No,0,moderate,40470,Yes,Yes,3921.58
28,20-15-124-036-1001,5845 S CALUMET AVE G,CHICAGO,Hyde Park,299,4448,10,70102,2024,Residential condominium,Condo,Condo,Other,0,0,None,None,No,0,None,10,0,Assessor Valuation,No,No,No,No,No,No,No,No,No,No,No,No,0,moderate,102540,Yes,Yes,2271.7
29,20-15-124-036-1003,5845 S CALUMET AVE 2,CHICAGO,Hyde Park,299,4448,10,70102,2024,Residential condominium,Condo,Condo,Other,0,0,None,None,No,0,None,10,0,Assessor Valuation,No,No,No,No,No,No,No,No,No,No,No,No,0,moderate,114800,Yes,Yes,2543.37
30,20-15-124-036-1004,5845 S CALUMET AVE 3,CHICAGO,Hyde Park,299,4448,10,70102,2024,Residential condominium,Condo,Condo,Other,0,0,None,None,No,0,None,10,0,Assessor Valuation,No,No,No,No,No,No,No,No,No,No,No,No,0,moderate,118140,Yes,Yes,2617.3
31,20-16-320-001-0000,457 W 61ST PL 1,CHICAGO,Lake,206,6900,92,72082,2024,"Two or more story residence, over 62 years, 2,201 to 4,999 sq.ft.",Two Story,Single Family,Frame,2,1,Full and Unfinished,Partial and Unfinished,No,0,None,120,4860,Assessor Valuation,No,No,No,No,No,No,No,No,No,No,No,No,0,moderate,167500,Yes,Yes,3739.41
32,20-16-320-026-0000,6148 S STEWART AVE,CHICAGO,Lake,241,3600,92,72082,2024,Vacant land under common ownership with adjacent residence,Vacant,Vacant,None,0,0,None,None,No,0,None,0,0,Assessor Valuation,No,No,No,No,No,No,No,No,No,No,No,No,0,moderate,23400,No,Yes,470.1
33,20-15-314-006-0000,6125 S MICHIGAN AVE,CHICAGO,Hyde Park,203,5670,10,70102,2024,"One story residence, any age, 1,000 to 1,800 square feet",One Story,Single Family,Frame,3,0,Full and Rec Room,None,No,0,2 car detached,135,1116,Assessor Valuation,No,No,No,No,No,No,No,No,No,No,No,No,0,moderate,167520,Yes,Yes,2121.02
34,20-22-104-028-0000,6630 S WABASH AVE 1,CHICAGO,Hyde Park,211,4125,30,70001,2024,"Two to six apartments, over 62 years",Two Story,Multi Family,Frame,2,0,Full and Rec Room,Full and Unfinished,No,1,2 car detached,125,2296,Assessor Valuation,Yes,No,No,Yes,No,No,Yes,No,No,Yes,No,No,2,moderate,150740,Yes,Yes,2752.62
35,20-16-322-032-0000,6208 S NORMAL AVE,CHICAGO,Lake,241,2352,92,72082,2024,Vacant land under common ownership with adjacent residence,Vacant,Vacant,None,0,0,None,None,No,0,None,0,0,Assessor Valuation,No,No,No,No,No,No,No,No,No,No,No,No,0,moderate,15280,Yes,Yes,307.02
36,20-16-402-024-0000,322 W 60TH ST,CHICAGO,Lake,211,4750,92,72082,2024,"Two to six apartments, over 62 years",Two Story,Multi Family,Masonry,3,0,Full and Apartment,None,No,0,None,130,3256,Assessor Valuation,Yes,No,No,Yes,No,No,Yes,No,No,Yes,No,No,3,moderate,106400,Yes,Yes,1768.18
37,20-22-107-046-0000,6650 S INDIANA AVE,CHICAGO,Hyde Park,241,3125,30,70001,2024,Vacant land under common ownership with adjacent residence,Vacant,Vacant,None,0,0,None,None,No,0,None,0,0,Assessor Valuation,No,No,No,No,No,No,No,No,No,No,No,No,0,moderate,39060,No,Yes,784.77
38,20-22-107-048-0000,6656 S INDIANA AVE,CHICAGO,Hyde Park,241,3125,30,70001,2024,Vacant land under common ownership with adjacent residence,Vacant,Vacant,None,0,0,None,None,No,0,None,0,0,Assessor Valuation,No,No,No,No,No,No,No,No,No,No,No,No,0,moderate,39060,Yes,Yes,784.77
39,20-22-201-034-0000,6335 S VERNON AVE,CHICAGO,Hyde Park,210,2303,30,70063,2024,"Old style row house, over 62 years",Two Story,Single Family,Masonry,1,0,Full and Unfinished,None,No,1,None,73,932,Assessor Valuation,No,No,No,No,No,No,No,No,No,No,No,No,0,moderate,114210,Yes,Yes,2549.78
40,20-22-210-017-0000,6441 S EBERHART AVE,CHICAGO,Hyde Park,211,3050,30,70063,2024,"Two to six apartments, over 62 years",Two Story,Multi Family,Frame,3,0,Full and Apartment,Full and Living Area,No,0,None,126,1784,Assessor Valuation,No,No,No,No,No,No,No,No,No,No,No,No,3,moderate,120200,Yes,Yes,2744.49
41,20-22-213-051-1001,6432 S LANGLEY AVE BSMT,CHICAGO,Hyde Park,299,4032,30,70063,2024,Residential condominium,Condo,Condo,Other,0,0,None,None,No,0,None,81,0,Assessor Valuation,No,No,No,No,No,No,No,No,No,No,No,No,0,moderate,103240,No,Yes,2299.81
42,20-16-407-014-0000,342 W 60TH PL,CHICAGO,Lake,211,3125,92,72082,2024,"Two to six apartments, over 62 years",Two Story,Multi Family,Frame,2,1,Partial and Rec Room,Full and Unfinished,No,0,1 car detached,125,1824,Assessor Valuation,No,No,No,No,No,No,No,No,No,No,No,No,0,moderate,97030,Yes,Yes,2240.77
43,20-16-407-022-0000,316 W 60TH PL,CHICAGO,Lake,211,4891,92,72082,2024,"Two to six apartments, over 62 years",Two Story,Multi Family,Frame,2,0,None,None,No,0,None,135,2508,Assessor Valuation,Yes,No,No,Yes,No,No,Yes,No,No,Yes,No,No,2,moderate,101320,Yes,Yes,1650.84
44,20-16-411-028-0000,6028 S LASALLE ST,CHICAGO,Lake,211,3168,92,72192,2024,"Two to six apartments, over 62 years",Two Story,Multi Family,Frame,2,0,None,None,No,0,1 car detached,135,1806,Assessor Valuation,No,No,No,No,No,No,No,No,No,No,No,No,0,moderate,91110,Yes,Yes,2104.14
45,20-22-220-036-0000,6542 S CHAMPLAIN AVE,CHICAGO,Hyde Park,211,2928,30,70063,2024,"Two to six apartments, over 62 years",Two Story,Multi Family,Masonry,2,0,Full and Unfinished,None,No,0,None,105,2184,Assessor Valuation,No,No,No,No,No,No,No,No,No,No,No,No,2,moderate,135900,No,Yes,3102.91
46,20-22-228-044-0000,604 E 67TH ST,CHICAGO,Hyde Park,202,988,30,70063,2024,"One story residence, any age, up to 999 square feet",One Story,Single Family,Frame,1,0,Partial and Unfinished,Partial and Unfinished,No,0,None,130,536,Assessor Valuation,No,No,No,No,No,No,No,No,No,No,No,No,0,moderate,82080,No,Yes,1832.33
47,20-22-310-006-0000,6811 S PRAIRIE AVE,CHICAGO,Hyde Park,201,3125,30,70001,2024,Residential garage,Garage,Garage,Other,0,0,None,None,No,0,Residential,-1,0,Assessor Valuation,No,No,No,No,No,No,No,No,No,No,No,No,0,moderate,42810,No,Yes,860.08
48,20-22-311-023-0000,6843 S CALUMET AVE,CHICAGO,Hyde Park,241,4450,30,70001,2024,Vacant land under common ownership with adjacent residence,Vacant,Vacant,None,0,0,None,None,No,0,None,0,0,Assessor Valuation,No,No,No,No,No,No,No,No,No,No,No,No,0,moderate,55620,No,Yes,1117.49
49,20-22-404-031-0000,6746 S LANGLEY AVE,CHICAGO,Hyde Park,211,3472,30,70083,2024,"Two to six apartments, over 62 years",Two Story,Multi Family,Frame,2,0,Full and Unfinished,None,No,0,1 car detached,130,1980,Assessor Valuation,No,No,No,No,No,No,No,No,No,No,No,No,2,moderate,128760,Yes,Yes,2939.76
50,20-22-411-053-1003,6840 S LANGLEY AVE 3,CHICAGO,Hyde Park,299,3030,30,70083,2024,Residential condominium,Condo,Condo,Other,0,0,None,None,No,0,None,115,0,Assessor Valuation,No,No,No,No,No,No,No,No,No,No,No,No,0,moderate,145390,Yes,Yes,3238.51
51,20-17-207-024-0000,825 W GARFIELD BLVD REAR,CHICAGO,Lake,201,1000,91,72082,2024,Residential garage,Garage,Garage,Other,0,0,None,None,No,0,Residential,-1,0,Assessor Valuation,No,No,No,No,No,No,No,No,No,No,No,No,0,moderate,7770,No,Yes,156.13
52,20-21-105-010-0000,6333 S PARNELL AVE 2,CHICAGO,Lake,211,3125,92,72082,2024,"Two to six apartments, over 62 years",Two Story,Multi Family,Frame,2,0,Full and Unfinished,Full and Unfinished,No,0,2 car detached,136,1488,Assessor Valuation,No,No,No,No,No,No,No,No,No,No,No,No,2,moderate,81620,Yes,Yes,1884.97
53,20-21-120-002-0000,6537 S PARNELL AVE,CHICAGO,Lake,211,3201,92,72082,2024,"Two to six apartments, over 62 years",Two Story,Multi Family,Frame,3,0,None,None,No,0,2 car detached,130,1640,Assessor Valuation,Yes,No,No,Yes,No,No,Yes,No,No,Yes,No,No,3,moderate,82300,No,Yes,1211.61
54,20-21-121-002-0000,6515 S NORMAL AVE,CHICAGO,Lake,241,2448,92,72082,2024,Vacant land under common ownership with adjacent residence,Vacant,Vacant,None,0,0,None,None,No,0,None,0,0,Assessor Valuation,No,No,No,No,No,No,No,No,No,No,No,No,0,moderate,15910,No,Yes,319.63
55,20-07-220-020-0000,4957 S WOOD ST,CHICAGO,Lake,201,3000,51,72001,2024,Residential garage,Garage,Garage,Other,0,0,None,None,No,0,Residential,-1,0,Assessor Valuation,No,No,No,No,No,No,No,No,No,No,No,No,0,moderate,31630,No,Yes,635.46
56,20-08-104-032-0000,4726 S ADA ST,CHICAGO,Lake,202,3000,51,72018,2024,"One story residence, any age, up to 999 square feet",One Story,Single Family,Frame,1,0,None,None,No,0,None,126,480,Assessor Valuation,Yes,No,No,Yes,No,No,Yes,No,No,Yes,No,No,0,moderate,45750,No,Yes,343.88
57,20-08-108-044-1024,4807 S ASHLAND AVE G-8,CHICAGO,Lake,299,29237,51,72095,2024,Residential condominium,Condo,Condo,Other,0,0,None,None,No,0,None,121,0,Assessor Valuation,No,No,No,No,No,No,No,No,No,No,No,No,0,moderate,6220,No,Yes,161.97
58,20-08-109-036-0000,4828 S LAFLIN ST,CHICAGO,Lake,203,3125,51,72014,2024,"One story residence, any age, 1,000 to 1,800 square feet",One Story,Single Family,Frame/Masonry,3,0,Full and Unfinished,Partial and Unfinished,No,0,2 car detached,130,1449,Assessor Valuation,Yes,No,No,Yes,No,No,Yes,No,No,Yes,No,No,0,moderate,76720,Yes,Yes,1049.74
59,20-08-110-013-0000,4829 S LAFLIN ST,CHICAGO,Lake,100,3125,51,72014,2024,Vacant land,Vacant,Vacant,None,0,0,None,None,No,0,None,-1,1440,Assessor Valuation,No,No,No,No,No,No,No,No,No,No,No,No,0,moderate,61150,No,Yes,1437.83
60,20-08-110-034-0000,4824 S BISHOP ST,CHICAGO,Lake,202,3125,51,72014,2024,"One story residence, any age, up to 999 square feet",One Story,Single Family,Frame,1,0,None,Partial and Unfinished,No,0,1.5 car detached,128,920,Assessor Valuation,No,No,No,No,No,No,No,No,No,No,No,No,0,moderate,57350,Yes,Yes,1302.97
61,20-08-114-021-0000,4851 S THROOP ST,CHICAGO,Lake,241,3000,51,72001,2024,Vacant land under common ownership with adjacent residence,Vacant,Vacant,None,0,0,None,None,No,0,None,0,0,Assessor Valuation,No,No,No,No,No,No,No,No,No,No,No,No,0,moderate,28500,Yes,Yes,572.63
62,20-08-122-031-0000,1344 W 50TH ST,CHICAGO,Lake,201,2985,91,72001,2024,Residential garage,Garage,Garage,Other,0,0,None,None,No,0,Residential,-1,0,Assessor Valuation,No,No,No,No,No,No,No,No,No,No,No,No,0,moderate,22130,No,Yes,444.61
63,20-08-125-008-0000,5017 S JUSTINE ST,CHICAGO,Lake,201,3000,91,72094,2024,Residential garage,Garage,Garage,Other,0,0,None,None,No,0,Residential,-1,0,Assessor Valuation,No,No,No,No,No,No,No,No,No,No,No,No,0,moderate,22280,No,Yes,447.64
64,20-08-131-007-0000,5017 S ELIZABETH ST,CHICAGO,Lake,203,3125,91,72018,2024,"One story residence, any age, 1,000 to 1,800 square feet",One Story,Single Family,Frame/Masonry,1,0,Full and Rec Room,Full and Unfinished,No,0,2 car detached,140,1056,Assessor Valuation,No,No,No,No,No,No,No,No,No,No,No,No,0,moderate,56640,No,Yes,1278.78
65,20-08-203-027-0000,1052 W 48TH ST,CHICAGO,Lake,205,3000,51,72103,2024,"Two or more story residence, over 62 years, up to 2,200 sq.ft.",Two Story,Single Family,Frame,1,0,None,None,No,0,None,130,1215,Assessor Valuation,No,No,No,No,No,No,No,No,No,No,No,No,0,moderate,89080,Yes,Yes,2011.12
66,20-08-302-036-0000,5140 S BISHOP ST,CHICAGO,Lake,201,3125,91,72001,2024,Residential garage,Garage,Garage,Other,0,0,None,None,No,0,Residential,-1,0,Assessor Valuation,No,No,No,No,No,No,No,No,No,No,No,No,0,moderate,21490,Yes,Yes,431.73
67,20-08-315-001-0000,5301 S BISHOP ST,CHICAGO,Lake,211,3100,91,72001,2024,"Two to six apartments, over 62 years",Two Story,Multi Family,Frame,2,0,Full and Unfinished,Full and Unfinished,No,0,None,130,2048,Assessor Valuation,No,No,No,No,No,No,No,No,No,No,No,No,2,moderate,252820,Yes,Yes,5838.52
68,20-08-318-026-0000,5428 S BISHOP ST,CHICAGO,Lake,211,3100,91,72001,2024,"Two to six apartments, over 62 years",Two Story,Multi Family,Frame,2,0,Partial and Rec Room,Partial and Unfinished,No,0,1 car detached,120,2058,Assessor Valuation,No,No,No,No,No,No,No,No,No,No,No,No,2,moderate,68070,Yes,Yes,1572.16
69,20-08-401-018-0000,5145 S MAY ST,CHICAGO,Lake,201,2790,91,72001,2024,Residential garage,Garage,Garage,Other,0,0,None,None,No,0,Residential,-1,0,Assessor Valuation,No,No,No,No,No,No,No,No,No,No,No,No,0,moderate,19210,Yes,Yes,385.98
70,20-08-402-008-0000,5121 S ABERDEEN ST,CHICAGO,Lake,202,3125,91,72001,2024,"One story residence, any age, up to 999 square feet",One Story,Single Family,Frame,1,0,Full and Unfinished,Full and Unfinished,No,0,2 car detached,128,714,Assessor Valuation,Yes,No,No,Yes,No,No,Yes,No,No,Yes,No,No,0,moderate,49220,No,Yes,422.22
71,20-08-406-035-0000,924 W 52ND ST,CHICAGO,Lake,211,3000,91,72001,2024,"Two to six apartments, over 62 years",Two Story,Multi Family,Frame,2,0,Full and Unfinished,Full and Unfinished,No,0,None,125,1428,Assessor Valuation,Yes,No,No,Yes,No,No,Yes,No,No,Yes,No,No,2,moderate,58830,No,Yes,669.78
72,20-08-411-001-0000,5201 S CARPENTER ST,CHICAGO,Lake,241,2750,91,72001,2024,Vacant land under common ownership with adjacent residence,Vacant,Vacant,None,0,0,None,None,No,0,None,0,0,Assessor Valuation,No,No,No,No,No,No,No,No,No,No,No,No,0,moderate,17870,Yes,Yes,359.04
73,20-08-411-036-0000,5232 S MORGAN ST,CHICAGO,Lake,241,2756,91,72001,2024,Vacant land under common ownership with adjacent residence,Vacant,Vacant,None,0,0,None,None,No,0,None,0,0,Assessor Valuation,No,No,No,No,No,No,No,No,No,No,No,No,0,moderate,17910,Yes,Yes,359.86
74,20-08-411-037-0000,5240 S MORGAN ST,CHICAGO,Lake,201,2756,91,72001,2024,Residential garage,Garage,Garage,Other,0,0,None,None,No,0,Residential,-1,0,Assessor Valuation,No,No,No,No,No,No,No,No,No,No,No,No,0,moderate,23490,Yes,Yes,471.97
75,20-08-412-019-0000,5245 S MORGAN ST,CHICAGO,Lake,241,2875,91,72001,2024,Vacant land under common ownership with adjacent residence,Vacant,Vacant,None,0,0,None,None,No,0,None,0,0,Assessor Valuation,No,No,No,No,No,No,No,No,No,No,No,No,0,moderate,18680,Yes,Yes,375.3
76,20-08-413-015-0000,5239 S SANGAMON ST,CHICAGO,Lake,202,3000,91,72001,2024,"One story residence, any age, up to 999 square feet",One Story,Single Family,Frame,1,0,Full and Unfinished,Partial and Unfinished,No,0,2 car detached,130,630,Assessor Valuation,No,No,No,No,No,No,No,No,No,No,No,No,0,moderate,48330,Yes,Yes,1091.17
77,20-08-414-049-0000,5245 S GREEN ST,CHICAGO,Lake,241,2829,91,72001,2024,Vacant land under common ownership with adjacent residence,Vacant,Vacant,None,0,0,None,None,No,0,None,0,0,Assessor Valuation,No,No,No,No,No,No,No,No,No,No,No,No,0,moderate,18380,Yes,Yes,369.3
78,20-08-415-002-0000,5303 S RACINE AVE,CHICAGO,Lake,241,3100,91,72001,2024,Vacant land under common ownership with adjacent residence,Vacant,Vacant,None,0,0,None,None,No,0,None,0,0,Assessor Valuation,No,No,No,No,No,No,No,No,No,No,No,No,0,moderate,20150,Yes,Yes,404.86
79,20-08-417-047-0000,5356 S CARPENTER ST,CHICAGO,Lake,201,3484,91,72001,2024,Residential garage,Garage,Garage,Other,0,0,None,None,No,0,Residential,-1,0,Assessor Valuation,No,No,No,No,No,No,No,No,No,No,No,No,0,moderate,26390,Yes,Yes,530.19
80,20-08-418-004-0000,5309 S CARPENTER ST 01,CHICAGO,Lake,211,3125,91,72001,2024,"Two to six apartments, over 62 years",Two Story,Multi Family,Frame,1,0,None,None,No,0,None,125,1260,Assessor Valuation,Yes,No,No,Yes,No,No,Yes,No,No,Yes,No,No,0,moderate,57220,No,Yes,632.57
81,20-08-419-018-0000,923 W 53RD ST,CHICAGO,Lake,241,3000,91,72001,2024,Vacant land under common ownership with adjacent residence,Vacant,Vacant,None,0,0,None,None,No,0,None,0,0,Assessor Valuation,No,No,No,No,No,No,No,No,No,No,No,No,0,moderate,19500,Yes,Yes,391.77
82,20-08-420-021-0000,5329 S PEORIA ST,CHICAGO,Lake,201,3800,91,72102,2024,Residential garage,Garage,Garage,Other,0,0,None,None,No,0,Residential,-1,0,Assessor Valuation,No,No,No,No,No,No,No,No,No,No,No,No,0,moderate,30280,Yes,Yes,608.39
83,20-08-426-019-0000,5410 S MORGAN ST,CHICAGO,Lake,241,3150,91,72102,2024,Vacant land under common ownership with adjacent residence,Vacant,Vacant,None,0,0,None,None,No,0,None,0,0,Assessor Valuation,No,No,No,No,No,No,No,No,No,No,No,No,0,moderate,20470,No,Yes,411.26
84,20-08-428-025-0000,852 W 54TH PL,CHICAGO,Lake,206,4312,91,72102,2024,"Two or more story residence, over 62 years, 2,201 to 4,999 sq.ft.",Two Story,Single Family,Frame/Masonry,2,0,Full and Unfinished,None,No,0,None,120,2404,Assessor Valuation,No,No,No,No,No,No,No,No,No,No,No,No,0,moderate,93370,Yes,Yes,2107.79
85,20-09-309-036-0000,5228 S UNION AVE 1,CHICAGO,Lake,211,3150,92,72102,2024,"Two to six apartments, over 62 years",Two Story,Multi Family,Frame,2,0,None,None,No,0,1 car detached,135,2184,Assessor Valuation,No,No,No,No,No,No,No,No,No,No,No,No,0,high,140720,No,Yes,3249.74
86,20-09-317-003-0000,5305 S EMERALD AVE,CHICAGO,Lake,211,3150,92,72102,2024,"Two to six apartments, over 62 years",Two Story,Multi Family,Frame,1,0,None,None,No,0,None,125,1512,Assessor Valuation,No,No,No,No,No,No,No,No,No,No,No,No,0,high,109450,Yes,No,2527.46
87,20-09-324-013-0000,735 W 54TH ST,CHICAGO,Lake,210,2083,92,72102,2024,"Old style row house, over 62 years",Two Story,Single Family,Masonry,2,0,Full and Unfinished,None,No,0,None,128,1416,Assessor Valuation,Yes,No,No,Yes,No,No,Yes,No,No,Yes,No,No,0,high,86170,No,Yes,1234.76
88,20-09-324-014-0000,733 W 54TH ST,CHICAGO,Lake,210,2083,92,72102,2024,"Old style row house, over 62 years",Two Story,Single Family,Masonry,1,0,Full and Unfinished,None,No,0,None,128,1416,Assessor Valuation,Yes,No,No,Yes,No,No,Yes,No,No,Yes,No,No,0,high,86170,No,Yes,1234.76
89,20-16-101-030-0000,5635 S EMERALD AVE,CHICAGO,Lake,241,3125,92,72001,2024,Vacant land under common ownership with adjacent residence,Vacant,Vacant,None,0,0,None,None,No,0,None,0,0,Assessor Valuation,No,No,No,No,No,No,No,No,No,No,No,No,0,high,20310,No,Yes,408.03
90,20-16-101-066-0000,5636 S UNION AVE HSE,CHICAGO,Lake,202,3125,92,72001,2024,"One story residence, any age, up to 999 square feet",One Story,Single Family,Frame,1,0,None,None,No,0,1 car detached,130,777,Assessor Valuation,Yes,No,No,Yes,No,No,Yes,No,No,Yes,No,No,0,high,70700,No,No,889.36
91,20-16-312-020-0000,450 W 60TH PL,CHICAGO,Lake,203,4200,92,72082,2024,"One story residence, any age, 1,000 to 1,800 square feet",One Story,Single Family,Frame,1,1,Full and Unfinished,Partial and Living Area,No,0,None,136,1373,Assessor Valuation,No,No,No,No,No,No,No,No,No,No,No,No,0,high,84110,No,No,1877.73
92,20-14-308-032-0000,6148 S INGLESIDE AVE,CHICAGO,Hyde Park,210,2765,70,70001,2024,"Old style row house, over 62 years",Two Story,Single Family,Masonry,2,0,Full and Unfinished,None,No,2,2 car detached,123,1870,Assessor Valuation,No,No,No,No,No,No,No,No,No,No,No,No,0,high,139770,Yes,Yes,865.32
93,20-14-409-037-1011,6102 S DORCHESTER AVE 2W,CHICAGO,Hyde Park,299,17917,70,70001,2024,Residential condominium,Condo,Condo,Other,0,0,None,None,No,0,None,87,0,Assessor Valuation,Yes,No,No,No,No,No,No,No,No,No,No,No,0,high,77300,No,No,1022.2
94,20-15-118-028-1030,370 E 58TH ST P-5,CHICAGO,Hyde Park,299,17493,10,70102,2024,Residential condominium,Condo,Condo,Other,0,0,None,None,No,0,None,108,0,Assessor Valuation,No,No,No,No,No,No,No,No,No,No,No,No,0,high,9560,No,Yes,192.09
95,20-15-411-008-0000,6125 S RHODES AVE 1,CHICAGO,Hyde Park,211,3720,30,70063,2024,"Two to six apartments, over 62 years",Two Story,Multi Family,Masonry,2,0,Full and Unfinished,None,No,0,2 car detached,110,2801,Assessor Valuation,No,No,No,No,No,No,No,No,No,No,No,No,2,high,151130,No,No,3450.44
96,20-15-413-034-1002,6121 S CHAMPLAIN AVE 1,CHICAGO,Hyde Park,299,3745,30,70063,2024,Residential condominium,Condo,Condo,Other,0,0,None,None,No,0,None,110,0,Assessor Valuation,No,No,No,No,No,No,No,No,No,No,No,No,0,high,152760,No,No,3403.04
97,20-15-422-006-0000,6225 S LANGLEY AVE,CHICAGO,Hyde Park,211,3050,30,70063,2024,"Two to six apartments, over 62 years",Two Story,Multi Family,Masonry,2,0,Full and Unfinished,None,No,0,1.5 car detached,103,2952,Assessor Valuation,Yes,No,No,Yes,No,No,Yes,No,No,Yes,No,No,2,high,167980,Yes,No,3146.25
98,20-22-106-052-0000,6662 S HARTWELL AVE,CHICAGO,Hyde Park,203,3125,30,70001,2024,"One story residence, any age, 1,000 to 1,800 square feet",One Story,Single Family,Frame,2,0,Full and Unfinished,Full and Living Area,No,0,None,130,1071,Assessor Valuation,No,No,No,No,No,No,No,No,No,No,No,No,0,high,115580,No,Yes,967.22
99,20-16-323-004-0000,447 W 62ND ST,CHICAGO,Lake,205,4257,92,72082,2024,"Two or more story residence, over 62 years, up to 2,200 sq.ft.",Two Story,Single Family,Frame,1,0,Full and Unfinished,Full and Unfinished,No,1,None,129,1970,Assessor Valuation,No,No,No,No,No,No,No,No,No,No,No,No,0,high,97160,No,No,2169.04
100,20-16-323-015-0000,409 W 62ND ST,CHICAGO,Lake,205,3379,92,72082,2024,"Two or more story residence, over 62 years, up to 2,200 sq.ft.",Two Story,Single Family,Frame,2,1,Full and Unfinished,Full and Living Area,No,1,None,135,2196,Assessor Valuation,No,No,No,No,No,No,No,No,No,No,No,No,0,high,105880,No,No,2363.75
101,20-16-325-014-0000,511 W ENGLEWOOD AVE,CHICAGO,Lake,211,3225,92,72082,2024,"Two to six apartments, over 62 years",Two Story,Multi Family,Masonry,3,0,Full and Unfinished,None,No,0,2 car detached,120,2304,Assessor Valuation,Yes,No,No,Yes,No,No,Yes,No,No,Yes,No,No,3,high,89310,Yes,Yes,1373.59
102,20-16-400-012-0000,315 W 59TH ST,CHICAGO,Lake,211,4329,92,72082,2024,"Two to six apartments, over 62 years",Two Story,Multi Family,Masonry,2,0,Full and Unfinished,None,No,0,2 car detached,143,2400,Assessor Valuation,No,No,No,No,No,No,No,No,No,No,No,No,2,high,102060,Yes,Yes,2356.93
103,20-16-400-032-0000,5914 S PRINCETON AVE,CHICAGO,Lake,211,2513,92,72082,2024,"Two to six apartments, over 62 years",Two Story,Multi Family,Frame/Masonry,2,0,Full and Unfinished,Full and Unfinished,No,0,None,140,2200,Assessor Valuation,Yes,No,No,Yes,No,No,Yes,No,No,Yes,No,No,2,high,89840,No,Yes,1385.85
104,20-22-201-039-0000,6345 S VERNON AVE,CHICAGO,Hyde Park,210,2306,30,70063,2024,"Old style row house, over 62 years",Two Story,Single Family,Masonry,1,0,Full and Unfinished,None,No,0,None,73,932,Assessor Valuation,Yes,No,No,Yes,No,No,Yes,No,No,Yes,No,No,0,high,109060,Yes,Yes,1745.65
105,20-22-206-033-0000,6348 S EVANS AVE,CHICAGO,Hyde Park,211,3660,30,70063,2024,"Two to six apartments, over 62 years",Two Story,Multi Family,Masonry,2,0,None,None,No,0,None,113,1518,Assessor Valuation,No,No,No,No,No,No,No,No,No,No,No,No,2,high,141280,Yes,Yes,1146.01
106,20-16-407-018-0000,330 W 60TH PL,CHICAGO,Lake,203,3187,92,72082,2024,"One story residence, any age, 1,000 to 1,800 square feet",One Story,Single Family,Frame,1,0,None,None,No,0,1 car detached,130,1055,Assessor Valuation,No,No,No,No,No,No,No,No,No,No,No,No,0,high,76190,No,Yes,1700.93
107,20-22-217-033-0000,6532 S EBERHART AVE,CHICAGO,Hyde Park,203,2928,30,70063,2024,"One story residence, any age, 1,000 to 1,800 square feet",One Story,Single Family,Masonry,1,0,Full and Unfinished,Full and Living Area,No,0,2 car detached,130,1434,Assessor Valuation,No,No,No,No,No,No,No,No,No,No,No,No,0,high,137440,No,Yes,972.04
108,20-22-304-009-0000,6711 S PRAIRIE AVE HSE,CHICAGO,Hyde Park,202,3125,30,70001,2024,"One story residence, any age, up to 999 square feet",One Story,Single Family,Masonry,2,0,Full and Rec Room,None,No,0,None,105,952,Assessor Valuation,No,No,No,No,No,No,No,No,No,No,No,No,0,high,130230,Yes,Yes,2907.37
109,20-22-311-005-0000,6809 S CALUMET AVE,CHICAGO,Hyde Park,204,3125,30,70001,2024,"One story residence, any age, 1,801 square feet and over",One Story,Single Family,Masonry,1,0,Full and Unfinished,Full and Unfinished,No,0,None,103,1982,Assessor Valuation,Yes,No,No,Yes,No,No,Yes,No,No,Yes,No,No,0,high,153990,No,Yes,2748.63
110,20-23-101-026-0000,6322 S DREXEL AVE 2,CHICAGO,Hyde Park,211,3338,70,70018,2024,"Two to six apartments, over 62 years",Three Story,Multi Family,Masonry,3,0,Full and Unfinished,None,No,0,2 car detached,116,4014,Assessor Valuation,No,No,No,No,No,No,No,No,No,No,No,No,3,high,216940,Yes,No,4897.41
111,20-23-104-013-0000,6351 S DREXEL AVE 1,CHICAGO,Hyde Park,211,3325,70,70018,2024,"Two to six apartments, over 62 years",Two Story,Multi Family,Masonry,2,0,Full and Unfinished,None,No,0,None,120,2732,Assessor Valuation,No,No,No,No,No,No,No,No,No,No,No,No,2,high,163360,Yes,No,3687.73
112,20-08-111-024-0000,4859 S BISHOP ST,CHICAGO,Lake,212,2987,51,72001,2024,"Two to six apartments, up to 62 years",Two Story,Multi Family,Frame,4,1,Partial and Unfinished,Full and Unfinished,No,0,None,127,3404,Assessor Valuation,No,No,No,No,No,No,No,No,No,No,No,No,4,high,79120,Yes,No,1848.59
113,20-08-125-018-0000,5043 S JUSTINE ST,CHICAGO,Lake,202,3000,91,72096,2024,"One story residence, any age, up to 999 square feet",One Story,Single Family,Frame,1,0,None,Full and Unfinished,No,0,None,135,640,Assessor Valuation,No,No,No,No,No,No,No,No,No,No,No,No,0,high,42410,Yes,Yes,963.69
114,20-08-214-002-0000,5007 S RACINE AVE,CHICAGO,Lake,203,3150,91,72018,2024,"One story residence, any age, 1,000 to 1,800 square feet",One Story,Single Family,Frame,2,0,Full and Unfinished,Full and Living Area,No,0,2 car detached,122,1224,Assessor Valuation,No,No,No,No,No,No,No,No,No,No,No,No,0,high,60230,No,Yes,1359.74
115,20-08-310-008-0000,5221 S LAFLIN ST,CHICAGO,Lake,211,3125,91,72001,2024,"Two to six apartments, over 62 years",One Story,Multi Family,Frame,2,0,Full and Apartment,Full and Unfinished,No,0,None,125,1408,Assessor Valuation,No,No,No,No,No,No,No,No,No,No,No,No,2,high,57610,No,No,1330.46
116,20-08-414-015-0000,5243 S PEORIA ST,CHICAGO,Lake,211,3597,91,72001,2024,"Two to six apartments, over 62 years",Two Story,Multi Family,Masonry,2,0,Full and Unfinished,None,No,0,None,89,2152,Assessor Valuation,Yes,No,No,Yes,No,No,Yes,No,No,Yes,No,No,2,high,74390,Yes,Yes,1029.02
117,20-15-112-016-0000,5612 S SOUTH PARK AVE,CHICAGO,Hyde Park,211,5425,10,70102,2024,"Two to six apartments, over 62 years",Three Story,Multi Family,Masonry,6,1,Full and Unfinished,None,No,3,None,108,6912,Assessor Valuation,No,No,No,No,No,No,No,No,No,No,No,No,5,high,283940,No,No,2977.17
118,20-22-216-025-0000,6518 S VERNON AVE,CHICAGO,Hyde Park,203,2928,30,70063,2024,"One story residence, any age, 1,000 to 1,800 square feet",One Story,Single Family,Masonry,1,0,Full and Unfinished,Full and Living Area,No,0,None,90,1008,Assessor Valuation,No,No,No,No,No,No,No,No,No,No,No,No,0,high,126930,No,No,1301.36
119,20-23-104-071-0000,6444 S INGLESIDE AVE,CHICAGO,Hyde Park,210,2194,70,70018,2024,"Old style row house, over 62 years",Two Story,Single Family,Masonry,2,0,Full and Rec Room,None,No,3,1 car detached,122,2124,Assessor Valuation,Yes,No,No,Yes,No,No,Yes,No,No,Yes,No,No,0,high,135400,Yes,No,1057.19
120,20-22-411-053-1001,6840 S LANGLEY AVE 1,CHICAGO,Hyde Park,299,3030,30,70083,2024,Residential condominium,Condo,Condo,Other,0,0,None,None,No,0,None,115,0,Assessor Valuation,No,No,No,No,No,No,No,No,No,No,No,No,0,moderate,102160,Yes,Yes,2275.77
121,20-23-119-041-1008,6512 S WOODLAWN AVE P-2,CHICAGO,Hyde Park,299,6339,70,70001,2024,Residential condominium,Condo,Condo,Other,0,0,None,None,No,0,None,12,0,Assessor Valuation,No,No,No,No,No,No,No,No,No,No,No,No,0,moderate,9670,No,Yes,214.14
122,20-21-112-034-0000,6448 S NORMAL BLVD,CHICAGO,Lake,205,4125,92,72082,2024,"Two or more story residence, over 62 years, up to 2,200 sq.ft.",Two Story,Single Family,Frame,2,0,Full and Unfinished,Full and Unfinished,No,0,1 car detached,130,1804,Assessor Valuation,No,No,No,No,No,No,Yes,No,No,No,No,No,0,moderate,99580,Yes,Yes,2223.13
123,20-08-130-025-0000,5016 S ELIZABETH ST,CHICAGO,Lake,100,3125,91,72018,2024,Vacant land,Vacant,Vacant,None,0,0,None,None,No,0,None,-1,2772,Assessor Valuation,No,No,No,No,No,No,No,No,No,No,No,No,0,moderate,64150,Yes,Yes,234.37
124,20-16-408-001-0000,257 W 60TH ST,CHICAGO,Lake,205,3625,92,72082,2024,"Two or more story residence, over 62 years, up to 2,200 sq.ft.",Two Story,Single Family,Frame,2,0,None,None,No,0,1 car detached,130,1816,Assessor Valuation,Yes,No,No,Yes,No,No,Yes,No,No,Yes,No,No,0,high,98540,No,No,623.45
125,20-22-228-010-0000,6627 S SAINT LAWRENCE AVE,CHICAGO,Hyde Park,211,3026,30,70063,2024,"Two to six apartments, over 62 years",Two Story,Multi Family,Masonry,2,1,Full and Rec Room,None,No,0,2 car detached,110,1308,Assessor Valuation,No,No,No,No,No,No,No,No,No,No,No,No,2,high,113600,Yes,No,2471.24
126,20-22-404-003-0000,6715 S CHAMPLAIN AVE,CHICAGO,Hyde Park,211,3100,30,70083,2024,"Two to six apartments, over 62 years",Two Story,Multi Family,Masonry,2,0,Full and Unfinished,None,No,0,None,117,1892,Assessor Valuation,No,No,No,No,No,No,No,No,No,No,No,No,2,high,126900,Yes,No,2897.38
127,20-22-410-052-1001,6831 S SAINT LAWRENCE AVE 1,CHICAGO,Hyde Park,299,3046,30,70083,2024,Residential condominium,Condo,Condo,Other,0,0,None,None,No,0,None,106,0,Assessor Valuation,Yes,No,No,Yes,No,No,Yes,No,No,Yes,No,No,0,high,198000,No,Yes,1379.33
128,20-21-113-017-0000,6449 S NORMAL BLVD,CHICAGO,Lake,204,4250,92,72082,2024,"One story residence, any age, 1,801 square feet and over",One Story,Single Family,Stucco,1,1,Full and Unfinished,Full and Living Area,No,0,2 car detached,125,1955,Assessor Valuation,No,No,No,No,No,No,No,No,No,No,No,No,0,high,103200,No,Yes,900
129,20-07-206-025-0000,4749 S PAULINA ST,CHICAGO,Lake,211,3125,80,72001,2024,"Two to six apartments, over 62 years",Two Story,Multi Family,Frame,4,0,Full and Unfinished,Full and Unfinished,No,0,2 car detached,120,3040,Assessor Valuation,No,No,No,No,No,No,No,No,No,No,No,No,4,high,91320,No,No,991.36
130,20-08-104-036-0000,4736 S ADA ST,CHICAGO,Lake,211,3000,51,72018,2024,"Two to six apartments, over 62 years",Two Story,Multi Family,Frame,2,2,None,Full and Unfinished,No,0,None,136,2646,Assessor Valuation,No,No,No,No,No,No,No,No,No,No,No,No,2,high,83600,No,No,896.91
131,20-08-128-001-0000,5001 S LOOMIS ST 2,CHICAGO,Lake,211,3968,91,72001,2024,"Two to six apartments, over 62 years",One Story,Multi Family,Masonry,3,0,None,None,No,0,2 car detached,112,2250,Assessor Valuation,Yes,No,No,Yes,No,No,Yes,No,No,Yes,No,No,3,high,68430,No,Yes,410.01
132,20-08-212-029-0000,920 W 50TH ST,CHICAGO,Lake,202,3750,91,72103,2024,"One story residence, any age, up to 999 square feet",One Story,Single Family,Frame,1,0,None,None,No,0,1 car detached,90,903,Assessor Valuation,Yes,No,No,Yes,No,No,Yes,No,No,Yes,No,No,0,high,56170,No,No,579.17
133,20-08-219-009-0000,837 W 50TH ST HSE,CHICAGO,Lake,203,3125,91,72018,2024,"One story residence, any age, 1,000 to 1,800 square feet",One Story,Single Family,Frame,1,0,None,None,No,0,None,95,1023,Assessor Valuation,No,No,No,No,No,No,No,No,No,No,No,No,0,high,55870,No,No,579.27
134,20-09-301-009-0000,5129 S EMERALD AVE,CHICAGO,Lake,202,3125,92,72102,2024,"One story residence, any age, up to 999 square feet",One Story,Single Family,Frame,1,0,Full and Unfinished,None,No,0,1 car detached,130,840,Assessor Valuation,Yes,No,No,Yes,No,No,Yes,No,No,Yes,No,No,0,low,102180,Yes,Yes,1454.34
135,20-09-301-012-0000,5135 S EMERALD AVE,CHICAGO,Lake,205,3125,92,72102,2024,"Two or more story residence, over 62 years, up to 2,200 sq.ft.",Two Story,Single Family,Frame,2,0,Full and Unfinished,None,No,0,1 car detached,130,1848,Assessor Valuation,Yes,No,No,Yes,No,No,Yes,No,No,Yes,No,No,0,low,108890,No,No,1741.86
136,20-09-317-033-0000,5324 S UNION AVE,CHICAGO,Lake,203,3150,92,72102,2024,"One story residence, any age, 1,000 to 1,800 square feet",One Story,Single Family,Frame,1,0,Full and Unfinished,Partial and Unfinished,No,0,None,130,1234,Assessor Valuation,Yes,Yes,No,Yes,Yes,No,Yes,Yes,No,No,No,No,0,low,115270,No,Yes,1333.08
137,20-09-324-040-0000,5422 S UNION AVE,CHICAGO,Lake,211,3125,92,72102,2024,"Two to six apartments, over 62 years",Two Story,Multi Family,Masonry,2,0,Full and Rec Room,None,No,0,2 car detached,92,1640,Assessor Valuation,No,No,No,No,No,No,Yes,No,No,No,No,No,0,low,96170,Yes,Yes,581.86
138,20-09-329-027-0000,646 W GARFIELD BLVD,CHICAGO,Lake,211,3125,92,72102,2024,"Two to six apartments, over 62 years",Two Story,Multi Family,Masonry,2,0,Full and Unfinished,None,No,0,1 car detached,94,2164,Assessor Valuation,Yes,No,No,Yes,No,No,Yes,No,No,Yes,No,No,2,low,144880,No,No,2656.78
139,20-09-329-028-0000,644 W GARFIELD BLVD,CHICAGO,Lake,211,3125,92,72102,2024,"Two to six apartments, over 62 years",Two Story,Multi Family,Masonry,2,2,Full and Unfinished,None,No,0,None,125,3380,Assessor Valuation,No,No,No,No,No,No,No,No,No,No,No,No,2,low,144880,No,No,3882.45
140,20-16-121-015-0000,5839 S EMERALD AVE,CHICAGO,Lake,202,3125,92,72001,2024,"One story residence, any age, up to 999 square feet",One Story,Single Family,Frame,1,0,None,None,No,0,1 car detached,130,924,Assessor Valuation,Yes,No,No,Yes,No,No,Yes,No,No,Yes,No,No,0,low,73940,No,No,961.71
141,20-16-209-007-0000,346 W 58TH ST,CHICAGO,Lake,211,3400,92,72001,2024,"Two to six apartments, over 62 years",Two Story,Multi Family,Frame,2,0,Full and Unfinished,Partial and Unfinished,No,0,None,135,1793,Assessor Valuation,No,No,No,No,No,No,No,No,No,No,No,No,2,low,87110,Yes,Yes,2011.74
142,20-16-210-011-0000,5739 S PRINCETON AVE HSE,CHICAGO,Lake,234,3075,92,72001,2024,"Split level residence with a lower level below grade, all ages, all sizes",Three Story,Single Family,Frame,1,0,Partial and Rec Room,None,No,0,None,52,1000,Assessor Valuation,Yes,No,No,No,No,No,No,No,No,No,No,No,0,low,88630,No,No,738.4
143,20-16-210-036-0000,5750 S WELLS ST,CHICAGO,Lake,241,2316,92,72001,2024,Vacant land under common ownership with adjacent residence,Vacant,Vacant,None,0,0,None,None,No,0,None,0,0,Assessor Valuation,No,No,No,No,No,No,No,No,No,No,No,No,0,low,15050,No,Yes,146.5
144,20-16-300-056-0000,709 W 59TH ST 1,CHICAGO,Lake,211,2650,130,72082,2024,"Two to six apartments, over 62 years",Two Story,Multi Family,Masonry,2,0,Full and Rec Room,None,No,0,2 car detached,105,1256,Assessor Valuation,Yes,No,No,Yes,No,No,Yes,No,No,Yes,No,No,2,low,47450,No,Yes,394.52
145,20-16-301-029-0000,639 W 59TH ST,CHICAGO,Lake,211,2500,130,72082,2024,"Two to six apartments, over 62 years",Two Story,Multi Family,Frame/Masonry,2,0,Full and Unfinished,None,No,0,1 car detached,120,1596,Assessor Valuation,No,No,No,No,No,No,No,No,No,No,No,No,0,low,49670,Yes,Yes,1134.16
146,20-14-409-037-1012,6102 S DORCHESTER AVE 3W,CHICAGO,Hyde Park,299,17917,70,70001,2024,Residential condominium,Condo,Condo,Other,0,0,None,None,No,0,None,87,0,Assessor Valuation,Yes,No,No,Yes,No,No,Yes,No,No,Yes,No,No,0,low,77300,No,No,470.12
147,20-15-118-025-1016,5745 S CALUMET AVE P8,CHICAGO,Hyde Park,299,8742,10,70102,2024,Residential condominium,Condo,Condo,Other,0,0,None,None,No,0,None,123,0,Assessor Valuation,No,No,No,No,No,No,No,No,No,No,No,No,0,low,11740,No,Yes,260.17
148,20-16-319-029-0000,516 W 62ND ST,CHICAGO,Lake,205,3960,92,72082,2024,"Two or more story residence, over 62 years, up to 2,200 sq.ft.",Two Story,Single Family,Frame,2,0,Full and Rec Room,None,No,0,None,115,1638,Assessor Valuation,Yes,No,No,Yes,No,No,Yes,No,No,Yes,No,No,0,low,95580,Yes,Yes,1444.7
149,20-15-401-006-0000,423 E 60TH ST,CHICAGO,Hyde Park,211,7500,30,70063,2024,"Two to six apartments, over 62 years",Three Story,Multi Family,Masonry,6,0,Full and Unfinished,None,No,0,3 car detached,110,7608,Assessor Valuation,Yes,Yes,No,Yes,Yes,No,Yes,Yes,No,Yes,No,No,3,low,282870,No,No,2745
150,20-15-401-007-0000,425 E 60TH ST,CHICAGO,Hyde Park,241,7500,30,70063,2024,Vacant land under common ownership with adjacent residence,Vacant,Vacant,None,0,0,None,None,No,0,None,0,0,Assessor Valuation,No,No,No,No,No,No,No,No,No,No,No,No,0,low,93750,No,Yes,1490.87
151,20-15-404-036-1003,541 E 60TH ST,CHICAGO,Hyde Park,299,7500,30,70063,2024,Residential condominium,Condo,Condo,Other,0,0,None,None,No,0,None,94,0,Assessor Valuation,No,No,No,No,No,No,No,No,No,No,No,No,0,low,29750,No,No,663.02
152,20-15-412-014-0000,6149 S SAINT LAWRENCE AVE,CHICAGO,Hyde Park,211,3660,30,70063,2024,"Two to six apartments, over 62 years",Two Story,Multi Family,Masonry,2,0,None,None,No,0,2 car detached,110,2768,Assessor Valuation,Yes,No,No,Yes,No,No,Yes,No,No,Yes,No,No,2,low,151080,No,Yes,1352.36
153,20-16-326-028-1002,449 W ENGLEWOOD AVE B,CHICAGO,Lake,299,4744,92,72082,2024,Residential condominium,Condo,Condo,Other,0,0,None,None,No,0,None,117,0,Assessor Valuation,Yes,No,No,Yes,No,No,Yes,No,No,No,No,No,0,low,123240,No,Yes,2076.58
154,20-16-400-007-0000,331 W 59TH ST,CHICAGO,Lake,202,3075,92,72082,2024,"One story residence, any age, up to 999 square feet",One Story,Single Family,Stucco,1,1,Full and Rec Room,None,No,0,None,135,906,Assessor Valuation,Yes,No,No,Yes,No,No,Yes,No,No,Yes,No,No,0,low,76170,Yes,No,1011.52
155,20-16-400-008-0000,329 W 59TH ST,CHICAGO,Lake,202,3075,92,72082,2024,"One story residence, any age, up to 999 square feet",One Story,Single Family,Frame,1,0,Full and Unfinished,None,No,0,None,130,987,Assessor Valuation,No,No,No,No,No,No,No,No,No,No,No,No,0,low,73400,No,No,1638.65
156,20-16-400-011-0000,321 W 59TH ST,CHICAGO,Lake,202,5535,92,72082,2024,"One story residence, any age, up to 999 square feet",One Story,Single Family,Stucco,1,0,Full and Rec Room,Full and Living Area,No,0,1 car detached,145,978,Assessor Valuation,No,No,No,No,No,No,No,No,No,No,No,No,0,low,81660,No,No,1823.09
157,20-22-213-022-0000,6412 S LANGLEY AVE,CHICAGO,Hyde Park,202,2928,30,70063,2024,"One story residence, any age, up to 999 square feet",One Story,Single Family,Masonry,2,0,Partial and Unfinished,Partial and Living Area,No,0,None,106,915,Assessor Valuation,Yes,No,No,Yes,No,No,Yes,No,No,Yes,No,No,0,low,112050,No,Yes,1812.55
158,20-22-214-045-0000,6401 S LANGLEY AVE,CHICAGO,Hyde Park,212,5352,30,70063,2024,"Two to six apartments, up to 62 years",Two Story,Multi Family,Frame,3,0,None,None,No,0,None,19,2540,Assessor Valuation,No,No,No,No,No,No,No,No,No,No,No,No,3,low,219490,No,Yes,5011.37
159,20-22-215-009-0000,6427 S EVANS AVE,CHICAGO,Hyde Park,211,3050,30,70063,2024,"Two to six apartments, over 62 years",Two Story,Multi Family,Masonry,2,0,Full and Unfinished,None,No,0,2 car detached,120,2100,Assessor Valuation,No,No,No,No,No,No,No,No,No,No,No,No,2,low,152470,No,No,3481.24
160,20-22-216-041-0000,6500 S VERNON AVE,CHICAGO,Hyde Park,203,5856,30,70063,2024,"One story residence, any age, 1,000 to 1,800 square feet",One Story,Single Family,Masonry,1,0,Full and Unfinished,None,No,0,None,60,1150,Assessor Valuation,No,No,No,No,No,No,No,No,No,No,No,No,0,low,159190,No,No,459
161,20-22-223-031-0000,6538 S COTTAGE GROVE AVE,CHICAGO,Hyde Park,212,2928,30,70018,2024,"Two to six apartments, up to 62 years",Two Story,Multi Family,Frame,2,1,Partial and Unfinished,Full and Unfinished,No,0,None,117,2710,Assessor Valuation,No,No,No,No,No,No,No,No,No,No,No,No,3,low,143150,No,Yes,3268.27
162,20-22-304-023-0000,6753 S PRAIRIE AVE,CHICAGO,Hyde Park,203,3125,30,70001,2024,"One story residence, any age, 1,000 to 1,800 square feet",One Story,Single Family,Frame/Masonry,1,0,None,Partial and Unfinished,No,0,2 car detached,125,1164,Assessor Valuation,No,No,No,No,No,No,No,No,No,No,No,No,0,low,131400,Yes,Yes,2933.56
163,20-22-310-005-0000,6809 S PRAIRIE AVE,CHICAGO,Hyde Park,203,3125,30,70001,2024,"One story residence, any age, 1,000 to 1,800 square feet",One Story,Single Family,Frame,1,0,Full and Unfinished,Partial and Living Area,No,0,2 car detached,130,1479,Assessor Valuation,Yes,No,No,Yes,No,No,Yes,No,No,Yes,No,No,0,low,140450,No,Yes,2446.43
164,20-22-310-021-0000,6853 S PRAIRIE AVE,CHICAGO,Hyde Park,211,3125,30,70001,2024,"Two to six apartments, over 62 years",Two Story,Multi Family,Masonry,3,0,Full and Apartment,None,No,0,None,140,2953,Assessor Valuation,Yes,No,No,Yes,No,No,Yes,No,No,Yes,No,No,3,low,158380,No,No,492.31
165,20-22-310-047-0000,6854 S CALUMET AVE,CHICAGO,Hyde Park,210,1456,30,70001,2024,"Old style row house, over 62 years",One Story,Single Family,Masonry,1,1,Full and Unfinished,None,No,0,None,130,1710,Assessor Valuation,No,No,No,No,No,No,No,No,No,No,No,No,0,low,122720,Yes,No,1258.21
166,20-22-402-034-0000,6734 S SAINT LAWRENCE AVE,CHICAGO,Hyde Park,202,3100,30,70063,2024,"One story residence, any age, up to 999 square feet",One Story,Single Family,Masonry,1,0,Full and Unfinished,None,No,0,2 car detached,97,716,Assessor Valuation,Yes,Yes,Yes,Yes,Yes,Yes,Yes,Yes,Yes,Yes,No,No,0,low,109340,Yes,Yes,1062.85
167,20-22-405-040-0000,6700 S EVANS AVE,CHICAGO,Hyde Park,205,4880,30,70083,2024,"Two or more story residence, over 62 years, up to 2,200 sq.ft.",Two Story,Single Family,Masonry,1,1,Full and Unfinished,None,No,0,2 car detached,68,1541,Assessor Valuation,Yes,No,No,Yes,No,N/A,Yes,No,No,Yes,No,No,0,low,167400,No,Yes,1650.66
168,20-22-410-038-0000,6834 S CHAMPLAIN AVE,CHICAGO,Hyde Park,205,3050,30,70083,2024,"Two or more story residence, over 62 years, up to 2,200 sq.ft.",Two Story,Single Family,Masonry,2,0,Full and Unfinished,None,No,0,None,111,1237,Assessor Valuation,Yes,No,No,No,No,No,No,No,No,No,No,No,0,low,137820,No,No,1836.6
169,20-23-103-022-0000,853 E 64TH PL 2,CHICAGO,Hyde Park,211,3930,70,70018,2024,"Two to six apartments, over 62 years",Two Story,Multi Family,Masonry,3,0,Full and Rec Room,None,No,0,2 car detached,112,2648,Assessor Valuation,No,No,No,No,No,No,No,No,No,No,No,No,2,low,185890,No,No,1927.18
170,20-23-106-057-0000,6404 S GREENWOOD AVE,CHICAGO,Hyde Park,211,3675,70,70018,2024,"Two to six apartments, over 62 years",Three Story,Multi Family,Masonry,3,0,Full and Unfinished,None,No,0,2.5 car detached,130,4773,Assessor Valuation,Yes,No,No,Yes,No,No,Yes,No,No,Yes,No,No,3,low,208020,No,Yes,654.28
171,20-23-115-016-0000,6549 S INGLESIDE AVE,CHICAGO,Hyde Park,211,3150,70,70018,2024,"Two to six apartments, over 62 years",Two Story,Multi Family,Masonry,2,0,Full and Unfinished,None,No,0,2 car detached,126,2428,Assessor Valuation,Yes,No,No,Yes,No,No,Yes,No,No,Yes,No,No,2,low,167540,No,No,1637.56
172,20-21-120-009-0000,535 W 65TH PL 1,CHICAGO,Lake,211,5299,92,72082,2024,"Two to six apartments, over 62 years",Two Story,Multi Family,Masonry,4,0,Full and Unfinished,None,No,1,2 car detached,125,3951,Assessor Valuation,Yes,Yes,Yes,No,No,No,Yes,Yes,No,No,No,No,4,low,102830,Yes,Yes,1134.58
173,20-21-209-051-0000,6516 S YALE AVE,CHICAGO,Lake,207,5098,92,72001,2024,"Two or more story residence, up to 62 years, up to 2,000 sq.ft.",Two Story,Single Family,Frame,2,0,Full and Unfinished,None,Yes,0,2 car detached,11,1388,Assessor Valuation,Yes,No,No,Yes,No,No,Yes,No,No,Yes,No,No,0,low,136940,No,No,2368.09
174,20-21-211-033-0000,6551 S WENTWORTH AVE,CHICAGO,Lake,203,3102,92,72001,2024,"One story residence, any age, 1,000 to 1,800 square feet",One Story,Single Family,Frame,1,0,Full and Rec Room,Partial and Unfinished,No,0,1 car detached,122,1150,Assessor Valuation,Yes,No,No,Yes,No,No,Yes,No,No,Yes,No,No,0,low,84070,No,No,819.02
175,20-07-206-024-0000,4747 S PAULINA ST 1,CHICAGO,Lake,202,3125,80,72014,2024,"One story residence, any age, up to 999 square feet",One Story,Single Family,Frame,1,0,None,None,No,0,1 car detached,120,800,Assessor Valuation,No,No,No,No,No,No,No,No,No,No,No,No,0,low,63930,No,No,1468.97
176,20-07-220-032-0000,4934 S HERMITAGE AVE,CHICAGO,Lake,211,3000,51,72014,2024,"Two to six apartments, over 62 years",Two Story,Multi Family,Frame,2,0,None,Full and Unfinished,No,0,None,125,1520,Assessor Valuation,No,No,No,No,No,No,No,No,No,No,No,No,2,low,70270,No,No,175.48
177,20-08-112-043-0000,4844 S ADA ST,CHICAGO,Lake,204,3000,51,72018,2024,"One story residence, any age, 1,801 square feet and over",One Story,Single Family,Frame,2,0,Full and Rec Room,Full and Living Area,No,0,None,133,2016,Assessor Valuation,Yes,Yes,Yes,Yes,Yes,Yes,Yes,Yes,Yes,Yes,Yes,Yes,0,low,78960,No,No,404.51
178,20-08-122-004-0000,4941 S LOOMIS ST,CHICAGO,Lake,202,2736,91,72018,2024,"One story residence, any age, up to 999 square feet",One Story,Single Family,Frame,1,0,Partial and Rec Room,Full and Unfinished,No,0,None,120,680,Assessor Valuation,No,No,No,No,No,No,No,No,No,No,No,No,0,low,42810,No,Yes,966.6
179,20-08-125-032-0000,5032 S LAFLIN ST,CHICAGO,Lake,201,3000,91,72094,2024,Residential garage,Garage,Garage,Other,0,0,None,None,No,0,Residential,-1,0,Assessor Valuation,No,No,No,No,No,No,No,No,No,No,No,No,0,low,22440,No,Yes,450.88
180,20-08-127-034-0000,5038 S LOOMIS ST HSE,CHICAGO,Lake,211,3125,91,72096,2024,"Two to six apartments, over 62 years",Two Story,Multi Family,Frame,2,0,None,None,No,0,None,130,1600,Assessor Valuation,Yes,No,No,Yes,No,No,Yes,No,No,Yes,No,No,2,low,57970,No,Yes,654.01
181,20-08-128-028-0000,5018 S ADA ST,CHICAGO,Lake,202,3125,91,72018,2024,"One story residence, any age, up to 999 square feet",One Story,Single Family,Frame,1,0,Full and Unfinished,Full and Unfinished,No,0,None,125,907,Assessor Valuation,Yes,No,No,Yes,No,No,Yes,No,No,Yes,No,No,0,low,49530,No,Yes,429.25
182,20-08-131-026-0000,5020 S RACINE AVE,CHICAGO,Lake,211,3125,91,72018,2024,"Two to six apartments, over 62 years",Two Story,Multi Family,Frame,2,0,Full and Unfinished,Full and Unfinished,No,0,None,130,1932,Assessor Valuation,Yes,No,No,Yes,No,No,Yes,No,No,Yes,No,No,0,low,65860,No,No,259.07
183,20-08-215-044-0000,5030 S ABERDEEN ST,CHICAGO,Lake,211,6300,91,72018,2024,"Two to six apartments, over 62 years",Two Story,Multi Family,Frame,2,0,Full and Unfinished,Full and Unfinished,No,0,2.5 car detached,128,2036,Assessor Valuation,Yes,No,No,Yes,No,No,Yes,No,No,Yes,No,No,2,low,76570,No,Yes,1079.46
184,20-08-401-011-0000,5125 S MAY ST,CHICAGO,Lake,202,4185,91,72001,2024,"One story residence, any age, up to 999 square feet",One Story,Single Family,Frame,1,0,Full and Unfinished,Partial and Unfinished,No,0,1 car detached,130,864,Assessor Valuation,Yes,No,No,Yes,No,No,Yes,No,No,Yes,No,No,0,low,53960,No,Yes,529.15
185,20-08-405-023-0000,844 W 51ST PL,CHICAGO,Lake,211,3125,91,72001,2024,"Two to six apartments, over 62 years",Two Story,Multi Family,Frame,2,0,Full and Unfinished,Full and Unfinished,No,0,2 car detached,130,1932,Assessor Valuation,No,No,No,No,No,No,No,No,No,No,No,No,2,low,66290,No,Yes,1530.96
186,20-08-408-042-0000,5244 S MAY ST,CHICAGO,Lake,211,3125,91,72001,2024,"Two to six apartments, over 62 years",Two Story,Multi Family,Frame,2,0,Partial and Rec Room,Full and Unfinished,No,0,None,96,2011,Assessor Valuation,Yes,Yes,No,Yes,Yes,No,Yes,Yes,No,No,No,No,2,low,72250,No,Yes,428.35
187,20-08-408-045-0000,5252 S MAY ST,CHICAGO,Lake,203,3000,91,72001,2024,"One story residence, any age, 1,000 to 1,800 square feet",One Story,Single Family,Stucco,1,0,Full and Rec Room,Full and Unfinished,No,0,None,130,1008,Assessor Valuation,Yes,No,No,Yes,No,No,Yes,No,No,Yes,No,No,0,low,56050,No,No,315.77
188,20-08-411-038-0000,5242 S MORGAN ST,CHICAGO,Lake,211,2756,91,72001,2024,"Two to six apartments, over 62 years",Two Story,Multi Family,Frame,2,0,None,None,No,0,None,112,2538,Assessor Valuation,Yes,Yes,Yes,Yes,Yes,Yes,Yes,Yes,Yes,Yes,Yes,Yes,0,low,77620,No,Yes,212.83
189,20-08-413-013-0000,5233 S SANGAMON ST,CHICAGO,Lake,201,3000,91,72001,2024,Residential garage,Garage,Garage,Other,0,0,None,None,No,0,Residential,-1,0,Assessor Valuation,No,No,No,No,No,No,No,No,No,No,No,No,0,low,19840,Yes,Yes,398.59